"regram audi.parma Forget the #car. #Audi is #more. Le innovazioni tecnologiche della nuova Audiâ€¦  Â "	2017-12-13
"Aperitivo ğŸ¸ @ Spumanteria Opera  Â â€¦"	2017-12-13
"Maglione  Â   Disponibile: -Nero -Grigio  FW 17/18 @ A.M. Couture Showroom  Â "	2017-12-13
"EPIL HOUR Cagliari Ã¨ Top, e tu? Scopri come diventare ORLY Top Color Salon, contatta il tuoâ€¦  Â "	2017-12-13
"Prendiamo Appunti!! #prendiamo #appunti #mac #macbookpro #apple #hl #scool #note #notebookâ€¦  Â "	2017-12-13
"#rendeer #renna #reggioemili #luci #decorazioninatalizie reggioemiliaedintorni @ Reggio Nell Emilia  Â "	2017-12-13
"Topperia #cinquecento sabato 23 dicembre il ritorno.... Tutti aâ€¦  Â â€¦"	2017-12-13
"La nonna ha dimenticato di cuocere lei pagate!!!!!!!ğŸğŸ„ğŸ†ğŸ‹ @ Parma, Italy  Â "	2017-12-13
"Nella @ Famiglia Ibatici House  Â "	2017-12-13
"ğŸ”ª#Fontana @ Collezione Maramotti  Â "	2017-12-13
"Ristrutturazione forzata  #enza #emilia #friends @ Lentigione, Emilia-Romagna, Italy  Â "	2017-12-13
"Tramonti invernali emiliani   ğŸŒ #parma #italy #italia #igersparma #igersemiliaromagnaâ€¦  Â "	2017-12-13
"ğŸ„78 BOUTIQUE ğŸ„#coat #cappotto #multicolor #madeinitalyğŸ‡®ğŸ‡¹ #fashionista #fashionblogger #like4likeâ€¦  Â "	2017-12-13
"ğŸ„78 BOUTIQUE ğŸ„#madeinitalyğŸ‡®ğŸ‡¹ #fashionblogger #fashionista #like4like #like4follow #followmeâ€¦  Â "	2017-12-13
"Il tocco finale alla tua #manicure ovunque ti trovi! Polishield Topcoat da 9ml sempre con te.â€¦  Â "	2017-12-13
"Parma, Studio Le Condo - amministrazioni condominiali. #parma #studiolecondo #lecondoâ€¦  Â "	2017-12-13
"#Hashi #sushi #foodporn @ Hashi - Fusion Restaurant  Â â€¦"	2017-12-13
"Trova lâ€™intruso ğŸ˜‚ #hidingspot @ Reggio Nell Emilia  Â "	2017-12-13
"Happy on 13th December #loveislove ramo76 #ineedito @ineedito @adpersonamAnto #santaluciaâ€¦  Â "	2017-12-13
"Ok, sono un po' confuso ğŸ˜…ğŸ˜‚ğŸ™ˆ #miracolonella34strada #miracolosull8strada #ioboh #christmastmoviesâ€¦  Â "	2017-12-13
"CAMICETTASNOB  autunno inverno 2016/17  DESIGN - MONICA IOTTI monicaiotti31  PH - TINOâ€¦  Â "	2017-12-13
"A due passi da casa. Noi siamo stati fortunati. #parma #piena #torrenteparma #italy #sunriseâ€¦  Â "	2017-12-13
"Terapia emozionale Di photographer_veronicabarbato  Grazie villervp5  Onorata di essereâ€¦  Â "	2017-12-13
"PASSIONIDOLCI e tradizioni di Natale  Ãˆ un dolce che viene dallâ€™intreccio di confini eâ€¦  Â "	2017-12-13
"Guastalla, via Pieve, ora di punta. Ostruzione della pubblica via senza alcuna preventivaâ€¦  Â "	2017-12-13
"Parma, arresto cardiaco durante ginnastica: 15enne salvato al Maggiore  Â â€¦ #cronaca "	2017-12-13
"#help #floods #reggioemilia #brescello #doncamilloepeppone #village #evacuation for #riverfloodâ€¦  Â "	2017-12-13
"Tour @fiorellamannoia â¤ #teatroreggioparma #combattente â¤â¤ thanks myâ€¦  Â â€¦"	2017-12-13
"Maglioni natalizi modalitÃ â€¦  Â "	2017-12-13
"Domenica 17 Dicembre  ore 17:00  Raffaella Gozzini presenta il romanzo introspettivoâ€¦  Â "	2017-12-12
"Quadro di Vittorio Ferrarini in sala d'attesa  #painting #girasoli @ Ospedale Maggiore Di Parma  Â "	2017-12-12
"Quadro di Silvia Cassiani nel reparto di Medicina d'urgenza  #painting @ Ospedale Maggiore Di Parma  Â "	2017-12-12
"Sketchando mentre ascolto il live del Mitch! ğŸ˜#sketch #atwork #comics #comicbookâ€¦  Â "	2017-12-12
"Reggio Emilia @ Teatro Municipale Valli  Â "	2017-12-12
"a volte nella tua vita incontri un fratello anche se sei figlioâ€¦  Â â€¦"	2017-12-12
"In un angolo @ Reggio Emilia AV Mediopadana railway station  Â "	2017-12-12
"Rimontaggio all'antica #RinaldiniVini #Lambrusco #vendemmia2017 #vino #morodelmoro #passitoâ€¦  Â "	2017-12-12
"Il Moro del Moro #RinaldiniVini #Lambrusco #passito #morodelmoro #vendemmia2017 #vinoâ€¦  Â "	2017-12-12
"La Parma #potenzadellanatura #forzadellacqua #passeggiandoperlacittÃ  #parma @ Parma, Italy  Â "	2017-12-12
"Ho visto tante brutture cosmetiche, ma questa merita il podio. . Makeuplovers ğŸ˜…? . #makeuploversâ€¦  Â "	2017-12-12
"Parco Ducale view from #iphonex !ğŸğŸŒ²ğŸ“± #Parma #igersparma #view #love #loveparma #loveitalyâ€¦  Â "	2017-12-12
"I'm at I Tri SiochÃ¨tt in Parma, PR  Â "	2017-12-12
"Non mi fare foto in posti da poveri . Cit. Losi @ Ristorante Self Service Kennedy  Â "	2017-12-12
"Prova aperta con gli studenti del liceo coreutico... bravi detective, sono riusciti a indovinareâ€¦  Â "	2017-12-12
"Some times ago Model chiara.rui #reggioemilia #shooting #studio #fashion #modella #portraitâ€¦  Â "	2017-12-12
""Ci solo legami che nonostante tutto e tutti..non si possono assolutamente interrompere e cheâ€¦  Â "	2017-12-12
"ğŸ“ (@ UniversitÃ  di Modena e Reggio Emilia in Reggio nell'Emilia, RE)  Â "	2017-12-12
"Oggi siamo in compagnia della 5 E RIM (Relazioni Internazionali e Marketing) del Bodoni perâ€¦  Â "	2017-12-12
"Del tempo che passa mi  Piace la gente che resta ğŸ¯â™¥ğŸ² #buongiorno cari #instagrammer ğŸ’ª  io#womanâ€¦  Â "	2017-12-12
"ğŸ”¸Non smetto quando sono stanco.. #smetto #quando ho #finitoğŸ”¹ #firststep #fieldhockey #whatateamâ€¦  Â "	2017-12-12
"Pioggia intensa: allerta rossa della Protezione civile a Parma  Â â€¦ #cronaca "	2017-12-12
"Cerchiamo di sdrammatizzare su un tema difficile,lo spaccio di Bamba in tutte le cittÃ , oggi Ã¨â€¦  Â "	2017-12-11
"#edo #edo2017 #igiglioli #igiglioliparrucchieri #giglioli #si #nasce @ Vezzano sul Crostolo  Â "	2017-12-11
"Tutto pronto come ogni lunedÃ¬ #MITA #musicistheanswer #erickmorillo #stories on air suâ€¦  Â "	2017-12-11
"Aria di #natale @ Reggio Nell Emilia  Â "	2017-12-11
"Powder effect per Power Packed di Breathable. Lo compri nei centri e saloni #ORLY e lo usi aâ€¦  Â "	2017-12-11
"Amo il Nido e le maestre di Amedeo â¤ @ Scandiano  Â "	2017-12-11
"Gelicidio sul vigneto #RinaldiniVini #Lambrusco #gelicidio #freddo @ Rinaldini Az. Agr. Moro  Â "	2017-12-11
"Prosegue l'incredibile saga dei video ğŸ¤“ğŸ“¹ Questa volta ho provato uno dei pezzi forti della nuovaâ€¦  Â "	2017-12-11
"Prima o poi qui mi fanno pagare lâ€™Imu (@ Piscina Comunale Via Melato in Reggio nell'Emilia, Italia)  Â "	2017-12-11
"In esclusiva per voi la presentazione della nuova collezione Ermanno Scervino lingerie presso laâ€¦  Â "	2017-12-11
"MERCYYYYYY #perspective #prospettiva #disegno #drawing #study #pleasehavemercy @ Reggio Nell Emilia  Â "	2017-12-11
"Ãˆ ULTRA VIOLET 18-3838 il colore proposto come Pantone per il 2018. Pronti per il vostro ultraâ€¦  Â "	2017-12-11
"Correggese - RIMINI serie D 2017/18 #Correggese #Correggio #Rimini #SerieD @ Correggio, Italy  Â "	2017-12-11
"Ora si sa... Ãˆ ULTRA VIOLET 18-3838 il colore proposto da Pantone per il 2018. Che ne pensate?â€¦  Â "	2017-12-11
"Senza parole @ Parma, Italy  Â "	2017-12-11
"Mi ha lasciata senza fiato @ Parma, Italy  Â "	2017-12-11
"#tranvai #parma #gallettoallabrace #birraartigianale ğŸ» @ Tramvai  Â â€¦"	2017-12-11
"Ãˆ arrivato il tuo momento ğŸ˜ğŸ…ğŸ¼ ğŸ„ #chirstmas #meetingsanta #merrychristmas #merryxmas #winterâ€¦  Â "	2017-12-11
"Visitate il nostro sito anche da smartphone e tablet..con il sito mobile potrete consultare iâ€¦  Â "	2017-12-11
"In attesa di portare la letterina a Babbo Natale ğŸ˜ ğŸ…ğŸ¼ ğŸ„ #chirstmas #xmas #merrychristmasâ€¦  Â "	2017-12-11
"OLTRE IL PARABREZZA #segnievidenti #dodicilettere #confini #dicembre #cancello #gate #accessoâ€¦  Â "	2017-12-11
"La closed beta di Slap and Beans e uno spazietto nei ringraziamenti. Il divertimento Ã¨ iniziato.â€¦  Â "	2017-12-11
"E sono 83! Auguri papÃ ! #10dicembre #birthday #mydadâ¤ï¸ @ Traversetolo, Italy  Â "	2017-12-11
"#Parma #christmastree #xmastree #ğŸ„ #lungaesposizione #riflessi #luce #rain #pioggia #reflectionâ€¦  Â "	2017-12-11
""Ti convinci d'esser sbagliata per quel tuo modo di guardarti in giro, dietro e dentro..per ilâ€¦  Â "	2017-12-11
"#RiflessoBenessere #SaluteeBenessere #coccolediserenitÃ  #massaggio #regali #doni #natale2017 @â€¦  Â "	2017-12-11
"ETUI ' COUTURE  autunno inverno 2016/17 DESIGN - MONICA IOTTI  PH - TINO SERRAIOCCO  Model -â€¦  Â "	2017-12-11
"#secondonataleacasamia #natale2017 @ Rubiera  Â â€¦"	2017-12-11
"Il nostro atleta di punta Carlo Mauro calpesta gli ultimi metri della #maratonareggioemiliaâ€¦  Â "	2017-12-11
"Appuntamenti della settimana a Parma e in provincia  Â â€¦ #cronaca "	2017-12-11
"Ãˆ stato un anno di cambiamenti, di piccoli traguardi raggiunti, di nuove esperienze, pieno diâ€¦  Â "	2017-12-11
"Casa dâ€™altri tempi nellâ€™#appenninoreggiano. @ Casina  Â "	2017-12-11
"#Bergogno, borgo dellâ€™Appennino che si riempie di #presepi e rende il #Natale ancora piÃ¹â€¦  Â "	2017-12-11
"Crudo che passione! #gamberorosso #arancia #basilico #orata #chinotto #cedrata #mandorleâ€¦  Â "	2017-12-11
"Oggi Ã¨ arrivata anche la #neve ad arricchire il clima #natalizio, la foto dellâ€™albero in Piazzaâ€¦  Â "	2017-12-10
"â€œThe Maskâ€ Un mio scatto allâ€™ingresso del Museo archeologico di Parma.  #museoarcheologicoparmaâ€¦  Â "	2017-12-10
"I bei momenti non hanno bisogno di essere immortalati ğŸ˜ğŸ˜ğŸ˜ .â¬‡ .â¬‡ . [10-12-17] {Parma} #compagniaâ€¦  Â "	2017-12-10
"Nella dorme di schiena @ Coviolliwood  Â "	2017-12-10
"Colazione di compleanno ğŸ ğŸ‚ â¤ï¸ #meandyou #birthday #december #love #breakfast #presents #iphonexâ€¦  Â "	2017-12-10
"â€œOgni volto, ogni strada, ogni sguardo Ã¨ per sempre. E per sempre sarÃ .â€ The Sun â˜€ï¸ #TheSunâ€¦  Â "	2017-12-10
"Pantalone Pieghe  Â   Disponibile: -Nero -Marrone  -Grigio  FW 17/18 @ A.M. Coutureâ€¦  Â "	2017-12-10
"Someone said Ultra Violet is the new black ğŸ’˜ğŸ˜‰. Il viola Ã¨ da sempre il colore che mi rappresentaâ€¦  Â "	2017-12-10
"Quando vorresti dormire ma sembri un peluche e ti infastidisconoâ€¦  Â "	2017-12-10
"Parti per in corso e torni carico di emozioni. Ãˆ puÃ² diventare familiare una stazioneâ€¦  Â "	2017-12-10
"ANIMA UMBRA DI BUONA BEVA.  ELCIONE prende il nome dalla quercia secolare che domina lâ€™omonimoâ€¦  Â "	2017-12-10
"PEPPER-ONE tutto SOLD-OUT...  â€¢ N:1 FOCACCIA soffice Lievitato con JALAPENO canditi e Cioccolotoâ€¦  Â "	2017-12-10
"â€œSei perfetta non perchÃ© non fai errori, ma perchÃ© ne fai tantissimi, ci provi sempre e ciâ€¦  Â "	2017-12-10
"Ecco i primi segni di #gelicidio zona #modena ovest leggerÃ  #piovvigine #sopraffusa che #gela aâ€¦  Â "	2017-12-10
"Piccolo, Spazio, PubblicitÃ ... La nascita della comunicazione moderna 1890-1957. Mostra moltoâ€¦  Â "	2017-12-10
"ReggioEmiliaMarathon2017 una nuova edizione per ribadire che siâ€¦  Â â€¦"	2017-12-10
"Campagna abbonamenti Il Resto del Carlino 1898... Quando la comunicazione era un arteâ€¦  Â "	2017-12-10
"Mamme gelate allo stadio... @ Campo Reggio Canalina  Â "	2017-12-10
"Dicevano che piÃ¹ dura Ã¨ la battaglia piÃ¹ bello sarÃ  il trionfo. Ecco oggi Ã¨ stata duraâ€¦  Â "	2017-12-10
"ReggioEmiliaMarathon2017 una nuova edizione per ribadire che siâ€¦  Â â€¦"	2017-12-10
"ReggioEmiliaMarathon2017 una nuova edizione per ribadire che siâ€¦  Â â€¦"	2017-12-10
"Due matte sotto alla neve. Sassuolo-Crotone ğŸ–¤ğŸ’šğŸ–¤ğŸ’š @ Mapei Stadium â€“ CittÃ  del Tricolore  Â "	2017-12-10
"Scegli il colore delle tue feste!  ORLY GelFX Smalto semipermanente  manicure brillante eâ€¦  Â "	2017-12-10
"MISTONEVE E SILENZIO BIANCO #segnievidenti #dodicilettere #neve #bassareggiana #domenicaâ€¦  Â "	2017-12-10
"Laboratorio sull'arte preistorica presso la scuola primaria "M. L. King" di Reggio nell'Emilia.â€¦  Â "	2017-12-10
"ğŸ„Una festa di Natale molto divertente! Insieme alle super @silviaji ğŸ„â¤ï¸ #igersreggioemiliaâ€¦  Â "	2017-12-10
"ğŸ€78 BOUTIQUE ğŸ€#pantaloniquadretti #pantalonicasual #checkpants #madeinitalyğŸ‡®ğŸ‡¹ #like4followâ€¦  Â "	2017-12-10
"ğŸ€78 BOUTIQUE ğŸ€#gonnalunga #gonnaquadri #checkskirt #madeinitalyğŸ‡®ğŸ‡¹ #like4follow #like4likeâ€¦  Â "	2017-12-10
"ğŸ€78 BOUTIQUE ğŸ€#madeinitalyğŸ‡®ğŸ‡¹ #pantaloneprincipedigalles #camicettarossa #chiffonâ€¦  Â "	2017-12-10
"ğŸ¤“ğŸ¤“ğŸ¤“ @ Reggio Nell Emilia  Â "	2017-12-10
"ART FUSION tra dolcezza e colori...#art #illustration #picture #artist #paper #pencil #artsyâ€¦  Â "	2017-12-10
"Come on Glos! @gloucesterrugby @ Cittadella del Rugby di Parma  Â "	2017-12-10
"Lovely day for some rugby! @ Cittadella del Rugby di Parma  Â "	2017-12-10
"Ci sono percorsi della vita da vivere con gli amici. Questa #maratonadireggioemilia Ã¨ uno diâ€¦  Â "	2017-12-10
"Allâ€™arrivo della #maratonadireggioemilia per aspettare @dferra88 e samu0522 che corrono oggi laâ€¦  Â "	2017-12-10
"Grazie #ratafiÃ  #Parma superlativo come sempre star bene mentre siâ€¦  Â â€¦"	2017-12-10
"â€œSebri siamo qui!â€ â€œMa io non sono a casa.. sono a Parma!â€ â€œAppunto.. affacciati alla finestra!â€â€¦  Â "	2017-12-10
"â€œGREGGE SECCOâ€ Nella notte, come un cane pecoraio siciliano, il vento ha radunato le ultimeâ€¦  Â "	2017-12-10
"Pronta per una nuova sfida! #reggioemiliamarathon #2017 #42km195mâ€¦  Â â€¦"	2017-12-10
"L'aperitivo piÃ¹ cool? Il nostro, nella jaguar Lounge in Piazza Duca D'Aosta. Ne vogliamo parlareâ€¦  Â "	2017-12-10
"Parma, allerta per criticitÃ  idrogeologica e ghiaccio  Â â€¦ #cronaca "	2017-12-10
"Auguro a tutti questi meravigliosi ragazzi altri 20 anni di successiâ€¦  Â â€¦"	2017-12-10
"Riassumendo: Inter contenta del prezioso punto a Torino, Juve contenta del ritrovato gioco e soliditÃ  difensiva. Amaro in bocca x entrambe!"	2017-12-09
"...grazie per tutta la Luce #TheSun20 #OfficinadelSole #SpiritiDelSole #condividoilsorrisoâ€¦  Â "	2017-12-09
"Domani una artistica... "dolce" sorpresa!! #art #illustration #drawing #picture #artist #sketchâ€¦  Â "	2017-12-09
"#TheSun20 #solocosebelle #condividoilsorriso #OfficinadelSole #SpiritiDelSoleâ€¦  Â "	2017-12-09
"Drinking a Bockbier by Oppigrds Bryggeri @ Fosdondo di Correggio â€”  Â "	2017-12-09
"La mia nipotina Ã¨ molto piÃ¹ #bella di me! @ Salvaterra, Emilia-Romagna, Italy  Â "	2017-12-09
"Il Tesoro Emiliano... altro che Bitcoin e criptovalute. ğŸ˜‹ @ Scandiano  Â "	2017-12-09
"ğŸ˜ğŸ˜ğŸ˜ğŸ˜ğŸ˜ğŸ˜ğŸ˜ğŸ˜ğŸ˜ğŸ˜ğŸ˜ @ Castione De' Baratti, Emilia-Romagna, Italy  Â â€¦"	2017-12-09
"Davanti ci sono io. Dietro un gran numero di #antifascisti @ Correggio, Italy  Â "	2017-12-09
"NOTE IN LIBERTÃ€ NEL CARRELLO DELLA SPESA #segnievidenti #dodicilettere #dispersioni #missingâ€¦  Â "	2017-12-09
"Tra le scelte di elle #ORLY BREATHABLE  Stronger Than Everâ€¦ adatto a tutte!  ğŸ’ªğŸ˜‰ #orlybreathableâ€¦  Â "	2017-12-09
"Buon Natale 2017. #buonnatale Albero e presepe fatto! @ Casa Dolce Casa.  Â "	2017-12-09
"It's Saturday, simile! ğŸ˜‰  With the wonderful @annecarpe ğŸ’™ #danimattosmakeup #mua #sephoraitaliaâ€¦  Â "	2017-12-09
"Uh ...I love full metal shadow by @yslbeauty ğŸ’ Questi ombretti liquidi si riescono a stendereâ€¦  Â "	2017-12-09
"#natale #alberodinatale #luci #christmastree #christmas #warmth #joy #happiness #serenitÃ â€¦  Â "	2017-12-09
"Il mio #alberodinatale ğŸ„â˜ƒï¸â„ï¸ğŸŠâœ¨ğŸŒŸğŸ”µğŸ”´ğŸ…ğŸ¼ğŸ†ğŸ‡ğŸŒ ğŸŒ² #christmastree #natale2017 @ Parma, Italy  Â "	2017-12-09
"Shop Online  Â   Indossa: -Giacca Mica Nera -Maglione Collo Alto Antraciteâ€¦  Â "	2017-12-09
"ONE LOVE â¤ï¸ğŸ¦ @ Ciacco  Â "	2017-12-09
"Grazie @corriere con questa preview mi avete fatto sentire importante!! ğŸ˜‚ğŸ˜‚ğŸ˜‚ #love #peace &â€¦  Â "	2017-12-09
"Mi piace perdermi tra i colori delle campagne reggiane, con l'aria frizzantina della mattina eâ€¦  Â "	2017-12-09
"Gli antichi mestieri in bicicletta   #Vintage #Storia #Italia @â€¦  Â â€¦"	2017-12-09
"Family photo (almost everyone) in #parma for the #rugby7 @ Cittadella del Rugby di Parma  Â "	2017-12-09
"Un sentito ringraziamento a vivoreggioemilia e ciavela74  per avere pubblicato questo scattoâ€¦  Â "	2017-12-09
"#URGENTISSIMO filippolindt_e_mela #adottauncane #cercaadozione #cercacasa roberta__basso -â€¦  Â "	2017-12-09
"E chi lâ€™ha detto che lavorare non puÃ² essere piacevole? ğŸ˜ğŸ˜‰ğŸ˜ŒğŸ˜›ğŸ˜ğŸ¶ğŸ§¦ #soks #dog #dogstagramâ€¦  Â "	2017-12-09
"#parmacentro #visitpanama #volgoitalia #vilgoparma#travel #travelblogger #photographer @ Parma,â€¦  Â "	2017-12-09
"Panoramica a 2 ^C del Reggio Emilia Golf Club. Pronti per la gara odierna ğŸ’™â¤ï¸ğŸ‘Ÿâš½ï¸â›³ï¸ #bfgâ€¦  Â "	2017-12-09
"Trasporto pubblico: sciopero degli autisti Tep a Parma  Â â€¦ #cronaca "	2017-12-09
"regram audi.parma Da ora il #metano Ã¨ un #gas nobile. Vieni a #Parma a provare la nuova #Audiâ€¦  Â "	2017-12-09
"Rilassati e lasciati andare...â¤ï¸ğŸ–¤ Buon Weekend di festa dalla GABIBBA ğŸ˜ğŸ˜‚ğŸ˜†ğŸ˜‚ #buonasera #Ã¨venerdÃ¬â€¦  Â "	2017-12-09
"#2015 Model chiara.rui #reggioemilia #shooting #gothic #pink #fashion #instaphoto #instagramâ€¦  Â "	2017-12-08
"La bicicletta in legno senza pedali o bici pedagogica (diffusa da anni in molti paesi del Nordâ€¦  Â "	2017-12-08
"Prove generali allo studio esagono per il live dei @wearepeekaboom simone_masina_musicianâ€¦  Â "	2017-12-08
"Bhe un incontro super veloce!! Hahahahaha!! #ferrari #maurizioarrivabene maurizioarrivabene #wowâ€¦  Â "	2017-12-08
"I vantaggi del lavorare il giorno dellâ€™immacolata~ #DECORAZIONIIIâ€¦  Â â€¦"	2017-12-08
"Neigh ğŸ´ @ Gallo d'oro  Â "	2017-12-08
"Poi arriva mia figlia ed Ã¨ subito festa! Cucina diversa #scialatelli alla #carbonara e patateâ€¦  Â "	2017-12-08
"Missione Compiuta..ğŸ„âœŒï¸ğŸ #alberellodinataleğŸ„ #finalmemtefinito #followme #goodeveningâ€¦  Â "	2017-12-08
"Mattonelle piÃ¹ calde di altre @ Coviolliwood  Â "	2017-12-08
"Oggi abbiamo fatto gli addobbi di Natale. #buonnatatale @ Casa Dolce Casa.  Â "	2017-12-08
"#parma #parmacentro #duomodiparma #volgoitalia #volgoparma #travel #travelblogger @ Duomo di Parma  Â "	2017-12-08
"SCOTT ROAD TEAM BOA Suola: Nylon e fibra di vetro co-iniettati, PU a due componenti / Indice diâ€¦  Â "	2017-12-08
"#8dicembre #immacolata #christmastree #natale2017 #piazzagaribaldi #parma #festadellimmacolataâ€¦  Â "	2017-12-08
"Drinking a Wabi-Sabi Japan Pale Ale by @bairdbeer @ Fosdondo di Correggio â€”  Â "	2017-12-08
"Noi passiamo lâ€™8 cosÃ¬ #rodesianridgeback #rodesian #mydog @ Poltrona Di Casa Ferrarini  Â "	2017-12-08
"LYON ğŸ”´ğŸ”µğŸ‘ŠğŸ» #teamOL #atalantaol #football #europaleague #italie Ã  Mapei Stadium â€“ CittÃ  del Tricolore  Â "	2017-12-08
"Nobraino, ovvero le canzoni, ovvero Kruger #kruger #lorenzokruger #nobraino #gene #musicâ€¦  Â "	2017-12-08
"MAI SOLI. La Madonna ci aiuti perchÃ© Ã¨ il segno che Dio ci ha dato per la nostra speranza.â€¦  Â "	2017-12-08
"Buona festa dell'Immacolata a tutti.. â¤ï¸ğŸ˜˜ #festaimmacolata2017â€¦  Â "	2017-12-08
"Voglio vivere Libero perchÃ© sono nato in una finta gabbia che da sempre ha oppresso la miaâ€¦  Â "	2017-12-08
"Emanuele Calaio' per l'associazione CIRO VIVE @ Parma, Italy  Â "	2017-12-08
"Dalla #sicilia a #reggioemilia dal sole alla nebbia? Pronti per il seminario #forex #tradingâ€¦  Â "	2017-12-08
"Ecco come nasce il passito Lieto Evento  #RinaldiniVini #Lietoevento #passito #dolceâ€¦  Â "	2017-12-08
"Il mio piccolissimoğŸ”ğŸ§ albero di Natale ğŸ„#verylittlexmastree @ Didaâ€¦  Â â€¦"	2017-12-08
"ğŸ€78 BOUTIQUE ğŸ€#abitorosa #abitociniglia #dress #pink #outfitoftheday #outfitinspirationâ€¦  Â "	2017-12-08
"E poi câ€™Ã¨ chi ti vede cosÃ¬... ğŸ¤” e niente... ğŸ˜‚ğŸ˜‚ğŸ˜‚ğŸ˜‚ #belleserate #happybirthday #mybirthdayâ€¦  Â "	2017-12-08
"ğŸ€78 BOUTIQUE ğŸ€#maglioni #maglione #maglionicarini #knitwear #madeinitalyğŸ‡®ğŸ‡¹ #fashionbloggerâ€¦  Â "	2017-12-08
"Notti magiche! ğŸ‡ªğŸ‡ºâš«ï¸ğŸ”µ #atalantalione #atalanta #atalantaBC #AtalantaLife #folleamoreâ€¦  Â "	2017-12-08
"con questa tovaglia, Ã¨ subito cappelletti in brodo! l @ La Morina  Â "	2017-12-08
"Serata buffa #lorenzokruger #canzonideinobraino #anticafarmaciasanfilipponeri #parmaâ€¦  Â "	2017-12-08
"Armadio in tamburato di legno finitura frassino canapa #armadio #zanettiniarredamenti #mobiliâ€¦  Â "	2017-12-08
"ETUI ' COUTURE  autunno inverno 2016/17 DESIGN - MONICA IOTTI monicaiotti31  PH - Tinoâ€¦  Â "	2017-12-08
"Anche dopo 28 anni Ã¨ bello stare vicino a te buon anniversario amore mio! @ Salvaterra,â€¦  Â "	2017-12-08
"I Soviet + l'elettricitÃ    Gio 7.12.17 @ PalaBigi  Â "	2017-12-08
"Spoiler della giornata . . . Fine Young Cannibals - She Drives Me Crazy ğŸµğŸ¶ @ Reggio Emilia -â€¦  Â "	2017-12-08
"Luciano Ligabue. Concerto al Palabigi di Reggio Emilia. Father & Son â¤ @ PalaBigi  Â "	2017-12-08
"Atti osceni nei pressi di un asilo: denunciato un 25enne a Parma  Â â€¦ #cronaca "	2017-12-08
"#zamboni #fatur #baraldi in "spia delle cooperative" i soviet + l'elettricitÃ  post #punk #musicâ€¦  Â "	2017-12-08
